id,file_name,class
1,0001.jpg,0
2,0002.jpg,0
3,0003.jpg,0
4,0004.jpg,0
5,0005.jpg,0
6,0006.jpg,0
7,0007.jpg,0
8,0008.jpg,0
9,0009.jpg,0
10,0010.jpg,0
11,0011.jpg,0
12,0012.jpg,0
13,0013.jpg,0
14,0014.jpg,0
15,0015.jpg,0
16,0016.jpg,0
17,0017.jpg,0
18,0018.jpg,0
19,0019.jpg,0
20,0020.jpg,0
21,0021.jpg,0
22,0022.jpg,0
23,0023.jpg,0
24,0024.jpg,0
25,0025.jpg,0
26,0026.jpg,0
27,0027.jpg,0
28,0028.jpg,0
29,0029.jpg,0
30,0030.jpg,0
31,0031.jpg,0
32,0032.jpg,0
33,0033.jpg,0
34,0034.jpg,0
35,0035.jpg,0
36,0036.jpg,0
37,0037.jpg,0
38,0038.jpg,0
39,0039.jpg,0
40,0040.jpg,0
41,0041.jpg,0
42,0042.jpg,0
43,0043.jpg,0
44,0044.jpg,0
45,0045.jpg,0
46,0046.jpg,0
47,0047.jpg,0
48,0048.jpg,0
49,0049.jpg,0
50,0050.jpg,0
51,0051.jpg,0
52,0052.jpg,0
53,0053.jpg,0
54,0054.jpg,0
55,0055.jpg,0
56,0056.jpg,0
57,0057.jpg,0
58,0058.jpg,0
59,0059.jpg,0
60,0060.jpg,0
61,0061.jpg,0
62,0062.jpg,0
63,0063.jpg,0
64,0064.jpg,0
65,0065.jpg,0
66,0066.jpg,0
67,0067.jpg,0
68,0068.jpg,0
69,0069.jpg,0
70,0070.jpg,0
71,0071.jpg,0
72,0072.jpg,0
73,0073.jpg,0
74,0074.jpg,0
75,0075.jpg,0
76,0076.jpg,0
77,0077.jpg,0
78,0078.jpg,0
79,0079.jpg,0
80,0080.jpg,0
81,0081.jpg,0
82,0082.jpg,0
83,0083.jpg,0
84,0084.jpg,0
85,0085.jpg,0
86,0086.jpg,0
87,0087.jpg,0
88,0088.jpg,0
89,0089.jpg,0
90,0090.jpg,0
91,0091.jpg,0
92,0092.jpg,0
93,0093.jpg,0
94,0094.jpg,0
95,0095.jpg,0
96,0096.jpg,0
97,0097.jpg,0
98,0098.jpg,0
99,0099.jpg,0
100,0100.jpg,0
101,0101.jpg,0
102,0102.jpg,0
103,0103.jpg,0
104,0104.jpg,0
105,0105.jpg,0
106,0106.jpg,0
107,0107.jpg,0
108,0108.jpg,0
109,0109.jpg,0
110,0110.jpg,0
111,0111.jpg,0
112,0112.jpg,0
113,0113.jpg,0
114,0114.jpg,0
115,0115.jpg,0
116,0116.jpg,0
117,0117.jpg,0
118,0118.jpg,0
119,0119.jpg,0
120,0120.jpg,0
121,0121.jpg,0
122,0122.jpg,0
123,0123.jpg,0
124,0124.jpg,0
125,0125.jpg,0
126,0126.jpg,0
127,0127.jpg,0
128,0128.jpg,0
129,0129.jpg,0
130,0130.jpg,0
131,0131.jpg,0
132,0132.jpg,0
133,0133.jpg,0
134,0134.jpg,0
135,0135.jpg,0
136,0136.jpg,0
137,0137.jpg,0
138,0138.jpg,0
139,0139.jpg,0
140,0140.jpg,0
141,0141.jpg,0
142,0142.jpg,0
143,0143.jpg,0
144,0144.jpg,0
145,0145.jpg,0
146,0146.jpg,0
147,0147.jpg,0
148,0148.jpg,0
149,0149.jpg,0
150,0150.jpg,0
151,0151.jpg,0
152,0152.jpg,0
153,0153.jpg,0
154,0154.jpg,0
155,0155.jpg,0
156,0156.jpg,0
157,0157.jpg,0
158,0158.jpg,0
159,0159.jpg,0
160,0160.jpg,0
161,0161.jpg,0
162,0162.jpg,0
163,0163.jpg,0
164,0164.jpg,0
165,0165.jpg,0
166,0166.jpg,0
167,0167.jpg,0
168,0168.jpg,0
169,0169.jpg,0
170,0170.jpg,0
171,0171.jpg,0
172,0172.jpg,0
173,0173.jpg,0
174,0174.jpg,0
175,0175.jpg,0
176,0176.jpg,0
177,0177.jpg,0
178,0178.jpg,0
179,0179.jpg,0
180,0180.jpg,0
181,0181.jpg,0
182,0182.jpg,0
183,0183.jpg,0
184,0184.jpg,0
185,0185.jpg,0
186,0186.jpg,0
187,0187.jpg,0
188,0188.jpg,0
189,0189.jpg,0
190,0190.jpg,0
191,0191.jpg,0
192,0192.jpg,0
193,0193.jpg,0
194,0194.jpg,0
195,0195.jpg,0
196,0196.jpg,0
197,0197.jpg,0
198,0198.jpg,0
199,0199.jpg,0
200,0200.jpg,0
201,0201.jpg,0
202,0202.jpg,0
203,0203.jpg,0
204,0204.jpg,0
205,0205.jpg,0
206,0206.jpg,0
207,0207.jpg,0
208,0208.jpg,0
209,0209.jpg,0
210,0210.jpg,0
211,0211.jpg,0
212,0212.jpg,0
213,0213.jpg,0
214,0214.jpg,0
215,0215.jpg,0
216,0216.jpg,0
217,0217.jpg,0
218,0218.jpg,0
219,0219.jpg,0
220,0220.jpg,0
221,0221.jpg,0
222,0222.jpg,0
223,0223.jpg,0
224,0224.jpg,0
225,0225.jpg,0
226,0226.jpg,0
227,0227.jpg,0
228,0228.jpg,0
229,0229.jpg,0
230,0230.jpg,0
231,0231.jpg,0
232,0232.jpg,0
233,0233.jpg,0
234,0234.jpg,0
235,0235.jpg,0
236,0236.jpg,0
237,0237.jpg,0
238,0238.jpg,0
239,0239.jpg,0
240,0240.jpg,0
241,0241.jpg,0
242,0242.jpg,0
243,0243.jpg,0
244,0244.jpg,0
245,0245.jpg,0
246,0246.jpg,0
247,0247.jpg,0
248,0248.jpg,0
249,0249.jpg,0
250,0250.jpg,0
251,0251.jpg,0
252,0252.jpg,0
253,0253.jpg,0
254,0254.jpg,0
255,0255.jpg,0
256,0256.jpg,0
257,0257.jpg,0
258,0258.jpg,0
259,0259.jpg,0
260,0260.jpg,0
261,0261.jpg,0
262,0262.jpg,0
263,0263.jpg,0
264,0264.jpg,0
265,0265.jpg,0
266,0266.jpg,0
267,0267.jpg,0
268,0268.jpg,0
269,0269.jpg,0
270,0270.jpg,0
271,0271.jpg,0
272,0272.jpg,0
273,0273.jpg,0
274,0274.jpg,0
275,0275.jpg,0
276,0276.jpg,0
277,0277.jpg,0
278,0278.jpg,0
279,0279.jpg,0
280,0280.jpg,0
281,0281.jpg,0
282,0282.jpg,0
283,0283.jpg,0
284,0284.jpg,0
285,0285.jpg,0
286,0286.jpg,0
287,0287.jpg,0
288,0288.jpg,0
289,0289.jpg,0
290,0290.jpg,0
291,0291.jpg,0
292,0292.jpg,0
293,0293.jpg,0
294,0294.jpg,0
295,0295.jpg,0
296,0296.jpg,0
297,0297.jpg,0
298,0298.jpg,0
299,0299.jpg,0
300,0300.jpg,0
301,0301.jpg,0
302,0302.jpg,0
303,0303.jpg,0
304,0304.jpg,0
305,0305.jpg,0
306,0306.jpg,0
307,0307.jpg,0
308,0308.jpg,0
309,0309.jpg,0
310,0310.jpg,0
311,0311.jpg,0
312,0312.jpg,0
313,0313.jpg,0
314,0314.jpg,0
315,0315.jpg,0
316,0316.jpg,0
317,0317.jpg,0
318,0318.jpg,0
319,0319.jpg,1
320,0320.jpg,1
321,0321.jpg,1
322,0322.jpg,1
323,0323.jpg,1
324,0324.jpg,1
325,0325.jpg,1
326,0326.jpg,1
327,0327.jpg,1
328,0328.jpg,1
329,0329.jpg,1
330,0330.jpg,1
331,0331.jpg,1
332,0332.jpg,1
333,0333.jpg,1
334,0334.jpg,1
335,0335.jpg,1
336,0336.jpg,1
337,0337.jpg,1
338,0338.jpg,1
339,0339.jpg,1
340,0340.jpg,1
341,0341.jpg,1
342,0342.jpg,1
343,0343.jpg,1
344,0344.jpg,1
345,0345.jpg,1
346,0346.jpg,1
347,0347.jpg,1
348,0348.jpg,1
349,0349.jpg,1
350,0350.jpg,1
351,0351.jpg,1
352,0352.jpg,1
353,0353.jpg,1
354,0354.jpg,1
355,0355.jpg,1
356,0356.jpg,1
357,0357.jpg,1
358,0358.jpg,1
359,0359.jpg,1
360,0360.jpg,1
361,0361.jpg,1
362,0362.jpg,1
363,0363.jpg,1
364,0364.jpg,1
365,0365.jpg,1
366,0366.jpg,1
367,0367.jpg,1
368,0368.jpg,1
369,0369.jpg,1
370,0370.jpg,1
371,0371.jpg,1
372,0372.jpg,1
373,0373.jpg,1
374,0374.jpg,1
375,0375.jpg,1
376,0376.jpg,1
377,0377.jpg,1
378,0378.jpg,1
379,0379.jpg,1
380,0380.jpg,1
381,0381.jpg,1
382,0382.jpg,1
383,0383.jpg,1
384,0384.jpg,1
385,0385.jpg,1
386,0386.jpg,1
387,0387.jpg,1
388,0388.jpg,1
389,0389.jpg,1
390,0390.jpg,1
391,0391.jpg,1
392,0392.jpg,1
393,0393.jpg,1
394,0394.jpg,1
395,0395.jpg,1
396,0396.jpg,1
397,0397.jpg,1
398,0398.jpg,1
399,0399.jpg,1
400,0400.jpg,1
401,0401.jpg,1
402,0402.jpg,1
403,0403.jpg,1
404,0404.jpg,1
405,0405.jpg,1
406,0406.jpg,1
407,0407.jpg,1
408,0408.jpg,1
409,0409.jpg,1
410,0410.jpg,1
411,0411.jpg,1
412,0412.jpg,1
413,0413.jpg,1
414,0414.jpg,1
415,0415.jpg,1
416,0416.jpg,1
417,0417.jpg,1
418,0418.jpg,1
419,0419.jpg,1
420,0420.jpg,1
421,0421.jpg,1
422,0422.jpg,1
423,0423.jpg,1
424,0424.jpg,1
425,0425.jpg,1
426,0426.jpg,1
427,0427.jpg,1
428,0428.jpg,1
429,0429.jpg,1
430,0430.jpg,1
431,0431.jpg,1
432,0432.jpg,1
433,0433.jpg,1
434,0434.jpg,1
435,0435.jpg,1
436,0436.jpg,1
437,0437.jpg,1
438,0438.jpg,1
439,0439.jpg,1
440,0440.jpg,1
441,0441.jpg,1
442,0442.jpg,1
443,0443.jpg,1
444,0444.jpg,1
445,0445.jpg,1
446,0446.jpg,1
447,0447.jpg,1
448,0448.jpg,1
449,0449.jpg,1
450,0450.jpg,1
451,0451.jpg,1
452,0452.jpg,1
453,0453.jpg,1
454,0454.jpg,1
455,0455.jpg,1
456,0456.jpg,1
457,0457.jpg,1
458,0458.jpg,1
459,0459.jpg,1
460,0460.jpg,1
461,0461.jpg,1
462,0462.jpg,1
463,0463.jpg,1
464,0464.jpg,1
465,0465.jpg,1
466,0466.jpg,1
467,0467.jpg,1
468,0468.jpg,1
469,0469.jpg,1
470,0470.jpg,1
471,0471.jpg,1
472,0472.jpg,1
473,0473.jpg,1
474,0474.jpg,1
475,0475.jpg,1
476,0476.jpg,1
477,0477.jpg,1
478,0478.jpg,1
479,0479.jpg,1
480,0480.jpg,1
481,0481.jpg,1
482,0482.jpg,1
483,0483.jpg,1
484,0484.jpg,1
485,0485.jpg,1
486,0486.jpg,1
487,0487.jpg,1
488,0488.jpg,1
489,0489.jpg,1
490,0490.jpg,1
491,0491.jpg,1
492,0492.jpg,1
493,0493.jpg,1
494,0494.jpg,1
495,0495.jpg,1
496,0496.jpg,1
497,0497.jpg,1
498,0498.jpg,1
499,0499.jpg,1
500,0500.jpg,1
501,0501.jpg,1
502,0502.jpg,1
503,0503.jpg,1
504,0504.jpg,1
505,0505.jpg,1
506,0506.jpg,1
507,0507.jpg,1
508,0508.jpg,1
509,0509.jpg,1
510,0510.jpg,1
511,0511.jpg,1
512,0512.jpg,1
513,0513.jpg,1
514,0514.jpg,1
515,0515.jpg,1
516,0516.jpg,1
517,0517.jpg,1
518,0518.jpg,1
519,0519.jpg,1
520,0520.jpg,1
521,0521.jpg,1
522,0522.jpg,1
523,0523.jpg,1
524,0524.jpg,1
525,0525.jpg,1
526,0526.jpg,1
527,0527.jpg,1
528,0528.jpg,1
529,0529.jpg,1
530,0530.jpg,1
531,0531.jpg,1
532,0532.jpg,1
533,0533.jpg,1
534,0534.jpg,1
535,0535.jpg,1
536,0536.jpg,1
537,0537.jpg,1
538,0538.jpg,1
539,0539.jpg,1
540,0540.jpg,1
541,0541.jpg,1
542,0542.jpg,1
543,0543.jpg,1
544,0544.jpg,1
545,0545.jpg,1
546,0546.jpg,1
547,0547.jpg,1
548,0548.jpg,1
549,0549.jpg,1
550,0550.jpg,1
551,0551.jpg,1
552,0552.jpg,1
553,0553.jpg,1
554,0554.jpg,1
555,0555.jpg,1
556,0556.jpg,1
557,0557.jpg,1
558,0558.jpg,1
559,0559.jpg,1
560,0560.jpg,1
561,0561.jpg,1
562,0562.jpg,1
563,0563.jpg,1
564,0564.jpg,1
565,0565.jpg,1
566,0566.jpg,1
567,0567.jpg,1
568,0568.jpg,1
569,0569.jpg,1
570,0570.jpg,1
571,0571.jpg,1
572,0572.jpg,1
573,0573.jpg,1
574,0574.jpg,1
575,0575.jpg,1
576,0576.jpg,1
577,0577.jpg,1
578,0578.jpg,1
579,0579.jpg,1
580,0580.jpg,1
581,0581.jpg,1
582,0582.jpg,1
583,0583.jpg,1
584,0584.jpg,1
585,0585.jpg,1
586,0586.jpg,1
587,0587.jpg,1
588,0588.jpg,1
589,0589.jpg,1
590,0590.jpg,1
591,0591.jpg,1
592,0592.jpg,1
593,0593.jpg,1
594,0594.jpg,1
595,0595.jpg,1
596,0596.jpg,1
597,0597.jpg,1
598,0598.jpg,1
599,0599.jpg,1
600,0600.jpg,1
601,0601.jpg,1
602,0602.jpg,1
603,0603.jpg,1
604,0604.jpg,1
605,0605.jpg,1
606,0606.jpg,1
607,0607.jpg,1
608,0608.jpg,1
609,0609.jpg,1
610,0610.jpg,1
611,0611.jpg,1
612,0612.jpg,1
613,0613.jpg,1
614,0614.jpg,1
615,0615.jpg,1
616,0616.jpg,1
617,0617.jpg,1
618,0618.jpg,1
619,0619.jpg,1
620,0620.jpg,1
621,0621.jpg,1
622,0622.jpg,1
623,0623.jpg,1
624,0624.jpg,1
625,0625.jpg,1
626,0626.jpg,1
627,0627.jpg,1
628,0628.jpg,1
629,0629.jpg,1
630,0630.jpg,1
631,0631.jpg,1
632,0632.jpg,1
633,0633.jpg,1
634,0634.jpg,1
635,0635.jpg,1
636,0636.jpg,1
637,0637.jpg,1
638,0638.jpg,1
639,0639.jpg,1
640,0640.jpg,1
641,0641.jpg,1
642,0642.jpg,1
643,0643.jpg,1
644,0644.jpg,1
645,0645.jpg,1
646,0646.jpg,1
647,0647.jpg,1
648,0648.jpg,1
649,0649.jpg,1
650,0650.jpg,1
651,0651.jpg,1
652,0652.jpg,1
653,0653.jpg,1
654,0654.jpg,1
655,0655.jpg,1
656,0656.jpg,1
657,0657.jpg,1
658,0658.jpg,1
659,0659.jpg,1
660,0660.jpg,1
661,0661.jpg,1
662,0662.jpg,1
663,0663.jpg,1
664,0664.jpg,1
665,0665.jpg,1
666,0666.jpg,1
667,0667.jpg,1
668,0668.jpg,1
669,0669.jpg,1
670,0670.jpg,1
671,0671.jpg,1
672,0672.jpg,1
673,0673.jpg,1
674,0674.jpg,1
675,0675.jpg,1
676,0676.jpg,1
677,0677.jpg,1
678,0678.jpg,1
679,0679.jpg,1
680,0680.jpg,1
681,0681.jpg,1
682,0682.jpg,1
683,0683.jpg,1
684,0684.jpg,1
685,0685.jpg,1
686,0686.jpg,1
687,0687.jpg,1
688,0688.jpg,1
689,0689.jpg,1
690,0690.jpg,1
691,0691.jpg,1
692,0692.jpg,1
693,0693.jpg,1
694,0694.jpg,1
695,0695.jpg,1
696,0696.jpg,1
697,0697.jpg,1
698,0698.jpg,1
699,0699.jpg,1
700,0700.jpg,1
701,0701.jpg,1
702,0702.jpg,1
703,0703.jpg,1
704,0704.jpg,1
705,0705.jpg,1
706,0706.jpg,1
707,0707.jpg,1
708,0708.jpg,1
709,0709.jpg,1
